{"M": {"M": -1.2603623820268226, "E": -0.33344856811948514}, "S": {"S": -0.66586314487982123, "B": -0.72119656546698407}, "B": {"M": -0.916290731874155, "E": -0.51082562376598994}, "E": {"S": -0.80852504746699372, "B": -0.58971497368545134}}
