{"M": -3.1399999999999998e+100, "S": -1.4652633398537678, "B": -0.26268660809250016, "E": -3.1399999999999998e+100}
